encode_t,sample_t,other_t,total_t
5.00169825553894,3.8485374450683594,0.006938457489013672,8.857174158096313
