encode_t,sample_t,other_t,total_t
4.851435422897339,2.882286310195923,0.03886699676513672,7.772588729858398
