encode_t,sample_t,other_t,total_t
12.577457189559937,10.47149395942688,0.021663188934326172,23.070614337921143
