encode_t,sample_t,other_t,total_t
3.2517147064208984,5.123435974121094,0.012856006622314453,8.388006687164307
