encode_t,sample_t,other_t,total_t
2.800368070602417,9.534332752227783,0.00923299789428711,12.343933820724487
