encode_t,sample_t,other_t,total_t
21.611058473587036,9.515533208847046,0.013989925384521484,31.140581607818604
